<?xml version="1.0" encoding="utf-8"?>
<odoo>
    <data>
        <record id="removal_fifo" model="product.removal">
            <field name="name">First In First Out (FIFO)</field>
            <field name="method">fifo</field>
        </record>
        <record id="removal_lifo" model="product.removal">
            <field name="name">Last In First Out (LIFO)</field>
            <field name="method">lifo</field>
        </record>
        <record id="removal_closest" model="product.removal">
            <field name="name">Closest Location</field>
            <field name="method">closest</field>
        </record>
        <record id="removal_least_packages" model="product.removal">
            <field name="name">Least Packages</field>
            <field name="method">least_packages</field>
        </record>
    </data>
    <data noupdate="1">
        <!-- Resource: stock.location -->
        <record id="stock_location_locations" model="stock.location">
            <field name="name">Physical Locations</field>
            <field name="usage">view</field>
            <field name="company_id"></field>
        </record>
        <record id="stock_location_locations_partner" model="stock.location">
            <field name="name">Partners</field>
            <field name="usage">view</field>
            <field name="posz">1</field>
            <field name="company_id"></field>
        </record>
        <record id="stock_location_locations_virtual" model="stock.location">
            <field name="name">Virtual Locations</field>
            <field name="usage">view</field>
            <field name="posz">1</field>
            <field name="company_id"></field>
        </record>

        <record id="stock_location_suppliers" model="stock.location">
            <field name="name">Vendors</field>
            <field name="location_id" ref="stock_location_locations_partner"/>
            <field name="usage">supplier</field>
            <field name="return_location">True</field>
            <field name="company_id"></field>
        </record>
        <record id="stock_location_customers" model="stock.location">
            <field name="name">Customers</field>
            <field name="location_id" ref="stock_location_locations_partner"/>
            <field name="usage">customer</field>
            <field name="company_id"></field>
        </record>
        
        <record id="stock_location_inter_wh" model="stock.location">
            <field name="name">Inter-company transit</field>
            <field name="location_id" ref="stock_location_locations_virtual"/>
            <field name="usage">transit</field>
            <field name="company_id"></field>
            <field name="active" eval="False"/>
        </record>

        <!-- set a lower sequence on the mto route than on the resupply routes -->
        <record id="route_warehouse0_mto" model='stock.route'>
            <field name="name">Replenish on Order (MTO)</field>
            <field name="company_id"></field>
            <field name="active">False</field>
            <field name="sequence">5</field>
        </record>

        <!-- Properties -->
        <record forcecreate="True" id="property_stock_supplier" model="ir.property">
            <field name="name">property_stock_supplier</field>
            <field name="fields_id" search="[('model','=','res.partner'),('name','=','property_stock_supplier')]"/>
            <field eval="'stock.location,'+str(stock_location_suppliers)" name="value"/>
        </record>
        <record forcecreate="True" id="property_stock_customer" model="ir.property">
            <field name="name">property_stock_customer</field>
            <field name="fields_id" search="[('model','=','res.partner'),('name','=','property_stock_customer')]"/>
            <field eval="'stock.location,'+str(stock_location_customers)" name="value"/>
        </record>

        <!-- Resource: stock.warehouse -->
        <record id="warehouse0" model="stock.warehouse">
            <field name="partner_id" ref="base.main_partner"/>
            <field name="code">WH</field>
        </record>

        <!-- create xml ids for demo data that are widely used in tests or in other codes, for more convenience -->
        <function model="ir.model.data" name="_update_xmlids">
            <value model="base" eval="[{
                'xml_id': 'stock.stock_location_stock',
                'record': obj().env.ref('stock.warehouse0').lot_stock_id,
                'noupdate': True,
            }, {
                'xml_id': 'stock.stock_location_company',
                'record': obj().env.ref('stock.warehouse0').wh_input_stock_loc_id,
                'noupdate': True,
            }, {
                'xml_id': 'stock.stock_location_output',
                'record': obj().env.ref('stock.warehouse0').wh_output_stock_loc_id,
                'noupdate': True,
            }, {
                'xml_id': 'stock.location_pack_zone',
                'record': obj().env.ref('stock.warehouse0').wh_pack_stock_loc_id,
                'noupdate': True,
            }, {
                'xml_id': 'stock.picking_type_internal',
                'record': obj().env.ref('stock.warehouse0').int_type_id,
                'noupdate': True,
            }, {
                'xml_id': 'stock.picking_type_in',
                'record': obj().env.ref('stock.warehouse0').in_type_id,
                'noupdate': True,
            }, {
                'xml_id': 'stock.picking_type_out',
                'record': obj().env.ref('stock.warehouse0').out_type_id,
                'noupdate': True,
            }]"/>
        </function>

        <!-- create the transit location for each company existing -->
        <function model="res.company" name="create_missing_transit_location"/>
        <function model="res.company" name="create_missing_warehouse"/>
        <function model="res.company" name="create_missing_inventory_loss_location"/>
        <function model="res.company" name="create_missing_production_location"/>
        <function model="res.company" name="create_missing_scrap_location"/>
        <function model="res.company" name="create_missing_scrap_sequence"/>
    </data>
</odoo>
